sample_id,k__Bacteria|p__Bacteroidetes|c__Bacteroidia|o__Bacteroidales|f__Prevotellaceae|g__Prevotella|s__Prevotella_copri,k__Bacteria|p__Actinobacteria|c__Actinobacteria|o__Bifidobacteriales|f__Bifidobacteriaceae|g__Bifidobacterium|s__Bifidobacterium_longum,k__Bacteria|p__Actinobacteria|c__Actinobacteria|o__Bifidobacteriales|f__Bifidobacteriaceae|g__Bifidobacterium|s__Bifidobacterium_kashiwanohense,k__Bacteria|p__Firmicutes|c__Bacilli|o__Lactobacillales|f__Lactobacillaceae|g__Lactobacillus|s__Lactobacillus_ruminis,k__Bacteria|p__Actinobacteria|c__Actinobacteria|o__Bifidobacteriales|f__Bifidobacteriaceae|g__Bifidobacterium|s__Bifidobacterium_bifidum,k__Bacteria|p__Actinobacteria|c__Actinobacteria|o__Bifidobacteriales|f__Bifidobacteriaceae|g__Bifidobacterium|s__Bifidobacterium_breve,k__Bacteria|p__Spirochaetes|c__Spirochaetia|o__Brachyspirales|f__Brachyspiraceae|g__Brachyspira|s__Brachyspira_pilosicoli,k__Bacteria|p__Actinobacteria|c__Coriobacteriia|o__Coriobacteriales|f__Coriobacteriaceae|g__Collinsella|s__Collinsella_aerofaciens,k__Bacteria|p__Proteobacteria|c__Gammaproteobacteria|o__Enterobacterales|f__Enterobacteriaceae|g__Escherichia|s__Escherichia_coli,k__Bacteria|p__Proteobacteria|c__Epsilonproteobacteria|o__Campylobacterales|f__Campylobacteraceae|g__Campylobacter|s__Campylobacter_jejuni,k__Bacteria|p__Proteobacteria|c__Epsilonproteobacteria|o__Campylobacterales|f__Helicobacteraceae|g__Helicobacter|s__Helicobacter_fennelliae,k__Bacteria|p__Firmicutes|c__Clostridia|o__Clostridiales|f__Lachnospiraceae|g__Roseburia|s__Roseburia_faecis,k__Bacteria|p__Firmicutes|c__Negativicutes|o__Selenomonadales|f__Selenomonadaceae|g__Mitsuokella|s__Mitsuokella_multacida,k__Bacteria|p__Proteobacteria|c__Betaproteobacteria|o__Neisseriales|f__Neisseriaceae|g__Neisseria|s__Neisseria_flavescens,k__Bacteria|p__Firmicutes|c__Clostridia|o__Clostridiales|f__Lachnospiraceae|g__Dorea|s__Dorea_longicatena,k__Bacteria|p__Firmicutes|c__Bacilli|o__Lactobacillales|f__Streptococcaceae|g__Streptococcus|s__Streptococcus_mitis,k__Bacteria|p__Proteobacteria|c__Gammaproteobacteria|o__Pasteurellales|f__Pasteurellaceae|g__Haemophilus|s__Haemophilus_parainfluenzae,k__Bacteria|p__Firmicutes|c__Bacilli|o__Lactobacillales|f__Lactobacillaceae|g__Lactobacillus|s__Lactobacillus_mucosae,k__Bacteria|p__Actinobacteria|c__Coriobacteriia|o__Coriobacteriales|f__Coriobacteriaceae|g__Enorma|s__Collinsella_massiliensis,k__Bacteria|p__Firmicutes|c__Bacilli|o__Lactobacillales|f__Lactobacillaceae|g__Lactobacillus|s__Lactobacillus_fermentum,k__Bacteria|p__Bacteroidetes|c__Bacteroidia|o__Bacteroidales|f__Bacteroidaceae|g__Bacteroides|s__Bacteroides_fragilis,k__Bacteria|p__Firmicutes|c__Bacilli|o__Lactobacillales|f__Streptococcaceae|g__Streptococcus|s__Streptococcus_lutetiensis,k__Bacteria|p__Bacteroidetes|c__Bacteroidia|o__Bacteroidales|f__Prevotellaceae|g__Prevotella|s__Prevotella_stercorea,k__Bacteria|p__Firmicutes|c__Negativicutes|o__Veillonellales|f__Veillonellaceae|g__Veillonella|s__Veillonella_parvula,k__Bacteria|p__Actinobacteria|c__Coriobacteriia|o__Coriobacteriales|f__Coriobacteriaceae|g__Collinsella|s__Collinsella_intestinalis,k__Bacteria|p__Firmicutes|c__Bacilli|o__Lactobacillales|f__Streptococcaceae|g__Streptococcus|s__Streptococcus_vestibularis,k__Bacteria|p__Firmicutes|c__Bacilli|o__Lactobacillales|f__Streptococcaceae|g__Streptococcus|s__Streptococcus_parasanguinis,k__Bacteria|p__Proteobacteria|c__Betaproteobacteria|o__Neisseriales|f__Neisseriaceae|g__Neisseria|s__Neisseria_subflava,k__Bacteria|p__Firmicutes|c__Bacilli|o__Lactobacillales|f__Streptococcaceae|g__Streptococcus|s__Streptococcus_salivarius,k__Bacteria|p__Actinobacteria|c__Coriobacteriia|o__Coriobacteriales|f__Atopobiaceae|g__Olsenella|s__Olsenella_scatoligenes,k__Bacteria|p__Firmicutes|c__Clostridia|o__Clostridiales|f__Lachnospiraceae|g__Lachnospiraceae_unclassified|s__Eubacterium_rectale,k__Bacteria|p__Actinobacteria|c__Actinobacteria|o__Actinomycetales|f__Actinomycetaceae|g__Actinomyces|s__Actinomyces_odontolyticus,k__Bacteria|p__Firmicutes|c__Bacilli|o__Lactobacillales|f__Streptococcaceae|g__Streptococcus|s__Streptococcus_peroris,k__Bacteria|p__Firmicutes|c__Negativicutes|o__Veillonellales|f__Veillonellaceae|g__Veillonella|s__Veillonella_atypica,k__Bacteria|p__Actinobacteria|c__Actinobacteria|o__Bifidobacteriales|f__Bifidobacteriaceae|g__Bifidobacterium|s__Bifidobacterium_pseudocatenulatum,k__Bacteria|p__Actinobacteria|c__Coriobacteriia|o__Coriobacteriales|f__Coriobacteriaceae|g__Enorma|s__Enorma_massiliensis,k__Bacteria|p__Bacteroidetes|c__Bacteroidia|o__Bacteroidales|f__Prevotellaceae|g__Prevotella|s__Prevotella_buccalis,k__Bacteria|p__Bacteroidetes|c__Bacteroidia|o__Bacteroidales|f__Prevotellaceae|g__Prevotella|s__Prevotella_sp_885,k__Bacteria|p__Actinobacteria|c__Actinobacteria|o__Micrococcales|f__Micrococcaceae|g__Rothia|s__Rothia_mucilaginosa,k__Bacteria|p__Firmicutes|c__Clostridia|o__Clostridiales|f__Lachnospiraceae|g__Blautia|s__Blautia_obeum,k__Bacteria|p__Firmicutes|c__Clostridia|o__Clostridiales|f__Ruminococcaceae|g__Faecalibacterium|s__Faecalibacterium_prausnitzii,k__Bacteria|p__Bacteroidetes|c__Bacteroidia|o__Bacteroidales|f__Bacteroidaceae|g__Bacteroides|s__Bacteroides_vulgatus,k__Bacteria|p__Firmicutes|c__Clostridia|o__Clostridiales|f__Ruminococcaceae|g__Ruminococcus|s__Ruminococcus_obeum_CAG_39,k__Bacteria|p__Firmicutes|c__Erysipelotrichia|o__Erysipelotrichales|f__Erysipelotrichaceae|g__Catenibacterium|s__Catenibacterium_mitsuokai,k__Bacteria|p__Bacteroidetes|c__Bacteroidia|o__Bacteroidales|f__Tannerellaceae|g__Parabacteroides|s__Parabacteroides_distasonis,k__Bacteria|p__Firmicutes|c__Negativicutes|o__Veillonellales|f__Veillonellaceae|g__Allisonella|s__Allisonella_histaminiformans,k__Bacteria|p__Firmicutes|c__Negativicutes|o__Veillonellales|f__Veillonellaceae|g__Megasphaera|s__Megasphaera_elsdenii,k__Bacteria|p__Firmicutes|c__Clostridia|o__Clostridiales|f__Lachnospiraceae|g__Dorea|s__Dorea_formicigenerans,k__Bacteria|p__Firmicutes|c__Clostridia|o__Clostridiales|f__Lachnospiraceae|g__Blautia|s__Blautia_wexlerae,k__Bacteria|p__Actinobacteria|c__Actinobacteria|o__Bifidobacteriales|f__Bifidobacteriaceae|g__Bifidobacterium|s__Bifidobacterium_adolescentis,k__Bacteria|p__Firmicutes|c__Clostridia|o__Clostridiales|f__Lachnospiraceae|g__Blautia|s__Ruminococcus_torques,k__Bacteria|p__Firmicutes|c__Negativicutes|o__Veillonellales|f__Veillonellaceae|g__Dialister|s__Dialister_invisus,k__Bacteria|p__Firmicutes|c__Clostridia|o__Clostridiales|f__Lachnospiraceae|g__Anaerostipes|s__Anaerostipes_hadrus,k__Bacteria|p__Firmicutes|c__Bacilli|o__Lactobacillales|f__Lactobacillaceae|g__Lactobacillus|s__Lactobacillus_saerimneri,k__Bacteria|p__Bacteroidetes|c__Bacteroidia|o__Bacteroidales|f__Bacteroidaceae|g__Bacteroides|s__Bacteroides_thetaiotaomicron,k__Bacteria|p__Bacteroidetes|c__Bacteroidia|o__Bacteroidales|f__Bacteroidaceae|g__Bacteroides|s__Bacteroides_uniformis,k__Bacteria|p__Firmicutes|c__Negativicutes|o__Selenomonadales|f__Selenomonadaceae|g__Mitsuokella|s__Mitsuokella_jalaludinii,k__Bacteria|p__Firmicutes|c__Clostridia|o__Clostridiales|f__Lachnospiraceae|g__Blautia|s__Ruminococcus_gnavus,k__Bacteria|p__Bacteroidetes|c__Bacteroidia|o__Bacteroidales|f__Bacteroidaceae|g__Bacteroides|s__Bacteroides_ovatus,k__Bacteria|p__Actinobacteria|c__Coriobacteriia|o__Eggerthellales|f__Eggerthellaceae|g__Eggerthella|s__Eggerthella_lenta,k__Bacteria|p__Firmicutes|c__Clostridia|o__Clostridiales|f__Ruminococcaceae|g__Agathobaculum|s__Agathobaculum_butyriciproducens,k__Bacteria|p__Firmicutes|c__Clostridia|o__Clostridiales|f__Eubacteriaceae|g__Eubacterium|s__Eubacterium_hallii,k__Bacteria|p__Firmicutes|c__Bacilli|o__Lactobacillales|f__Lactobacillaceae|g__Lactobacillus|s__Lactobacillus_amylovorus,k__Bacteria|p__Firmicutes|c__Clostridia|o__Clostridiales|f__Eubacteriaceae|g__Eubacterium|s__Eubacterium_ramulus,k__Bacteria|p__Firmicutes|c__Clostridia|o__Clostridiales|f__Lachnospiraceae|g__Roseburia|s__Roseburia_inulinivorans,k__Bacteria|p__Firmicutes|c__Clostridia|o__Clostridiales|f__Lachnospiraceae|g__Roseburia|s__Roseburia_intestinalis,k__Bacteria|p__Actinobacteria|c__Coriobacteriia|o__Eggerthellales|f__Eggerthellaceae|g__Gordonibacter|s__Gordonibacter_pamelaeae,k__Bacteria|p__Firmicutes|c__Clostridia|o__Clostridiales|f__Ruminococcaceae|g__Gemmiger|s__Gemmiger_formicilis,k__Bacteria|p__Firmicutes|c__Bacilli|o__Lactobacillales|f__Streptococcaceae|g__Streptococcus|s__Streptococcus_thermophilus,k__Bacteria|p__Actinobacteria|c__Actinobacteria|o__Bifidobacteriales|f__Bifidobacteriaceae|g__Bifidobacterium|s__Bifidobacterium_ruminantium,k__Bacteria|p__Firmicutes|c__Negativicutes|o__Selenomonadales|f__Selenomonadaceae|g__Megamonas|s__Megamonas_funiformis,k__Bacteria|p__Proteobacteria|c__Gammaproteobacteria|o__Enterobacterales|f__Enterobacteriaceae|g__Enterobacter|s__Enterobacter_bugandensis,k__Bacteria|p__Firmicutes|c__Negativicutes|o__Selenomonadales|f__Selenomonadaceae|g__Megamonas|s__Megamonas_hypermegale,k__Bacteria|p__Firmicutes|c__Clostridia|o__Clostridiales|f__Clostridiaceae|g__Clostridium|s__Clostridium_perfringens,k__Bacteria|p__Firmicutes|c__Clostridia|o__Clostridiales|f__Lachnospiraceae|g__Roseburia|s__Roseburia_sp_CAG_471,k__Bacteria|p__Firmicutes|c__Negativicutes|o__Veillonellales|f__Veillonellaceae|g__Veillonella|s__Veillonella_sp_CAG_933,k__Bacteria|p__Firmicutes|c__Bacilli|o__Lactobacillales|f__Leuconostocaceae|g__Weissella|s__Weissella_cibaria,k__Bacteria|p__Bacteroidetes|c__Bacteroidia|o__Bacteroidales|f__Bacteroidaceae|g__Bacteroides|s__Bacteroides_dorei,k__Bacteria|p__Proteobacteria|c__Epsilonproteobacteria|o__Campylobacterales|f__Campylobacteraceae|g__Campylobacter|s__Campylobacter_upsaliensis,k__Bacteria|p__Proteobacteria|c__Gammaproteobacteria|o__Enterobacterales|f__Enterobacteriaceae|g__Citrobacter|s__Citrobacter_youngae,k__Bacteria|p__Firmicutes|c__Bacilli|o__Bacillales|f__Bacillaceae|g__Bacillus|s__Bacillus_cereus_group,k__Bacteria|p__Firmicutes|c__Clostridia|o__Clostridiales|f__Ruminococcaceae|g__Ruminococcus|s__Ruminococcus_bromii,k__Bacteria|p__Proteobacteria|c__Epsilonproteobacteria|o__Campylobacterales|f__Helicobacteraceae|g__Helicobacter|s__Helicobacter_equorum,k__Bacteria|p__Proteobacteria|c__Gammaproteobacteria|o__Enterobacterales|f__Enterobacteriaceae|g__Citrobacter|s__Citrobacter_freundii,k__Bacteria|p__Proteobacteria|c__Gammaproteobacteria|o__Enterobacterales|f__Enterobacteriaceae|g__Enterobacter|s__Enterobacter_mori,k__Bacteria|p__Proteobacteria|c__Gammaproteobacteria|o__Enterobacterales|f__Enterobacteriaceae|g__Klebsiella|s__Klebsiella_pneumoniae,k__Bacteria|p__Proteobacteria|c__Gammaproteobacteria|o__Enterobacterales|f__Enterobacteriaceae|g__Klebsiella|s__Klebsiella_variicola,k__Bacteria|p__Bacteroidetes|c__Bacteroidia|o__Bacteroidales|f__Bacteroidaceae|g__Bacteroides|s__Bacteroides_coprocola,k__Bacteria|p__Proteobacteria|c__Gammaproteobacteria|o__Enterobacterales|f__Enterobacteriaceae|g__Citrobacter|s__Citrobacter_portucalensis,k__Bacteria|p__Firmicutes|c__Clostridia|o__Clostridiales|f__Ruminococcaceae|g__Flavonifractor|s__Flavonifractor_plautii,k__Bacteria|p__Firmicutes|c__Bacilli|o__Lactobacillales|f__Streptococcaceae|g__Streptococcus|s__Streptococcus_pneumoniae,k__Bacteria|p__Firmicutes|c__Bacilli|o__Lactobacillales|f__Leuconostocaceae|g__Weissella|s__Weissella_confusa,k__Bacteria|p__Firmicutes|c__Bacilli|o__Bacillales|f__Bacillales_unclassified|g__Gemella|s__Gemella_sanguinis,k__Bacteria|p__Proteobacteria|c__Gammaproteobacteria|o__Enterobacterales|f__Enterobacteriaceae|g__Enterobacter|s__Enterobacter_cloacae_complex,k__Bacteria|p__Firmicutes|c__Bacilli|o__Bacillales|f__Bacillales_unclassified|g__Gemella|s__Gemella_haemolysans,k__Bacteria|p__Firmicutes|c__Erysipelotrichia|o__Erysipelotrichales|f__Erysipelotrichaceae|g__Erysipelatoclostridium|s__Erysipelatoclostridium_ramosum,k__Bacteria|p__Firmicutes|c__Negativicutes|o__Acidaminococcales|f__Acidaminococcaceae|g__Phascolarctobacterium|s__Phascolarctobacterium_faecium,k__Bacteria|p__Firmicutes|c__Bacilli|o__Lactobacillales|f__Streptococcaceae|g__Streptococcus|s__Streptococcus_pseudopneumoniae,k__Bacteria|p__Firmicutes|c__Clostridia|o__Clostridiales|f__Ruminococcaceae|g__Ruthenibacterium|s__Ruthenibacterium_lactatiformans,k__Bacteria|p__Proteobacteria|c__Gammaproteobacteria|o__Enterobacterales|f__Enterobacteriaceae|g__Citrobacter|s__Citrobacter_werkmanii,k__Bacteria|p__Proteobacteria|c__Gammaproteobacteria|o__Aeromonadales|f__Aeromonadaceae|g__Aeromonas|s__Aeromonas_caviae,k__Bacteria|p__Proteobacteria|c__Gammaproteobacteria|o__Enterobacterales|f__Enterobacteriaceae|g__Klebsiella|s__Klebsiella_quasipneumoniae,k__Bacteria|p__Firmicutes|c__Negativicutes|o__Veillonellales|f__Veillonellaceae|g__Megasphaera|s__Megasphaera_stantonii,k__Bacteria|p__Firmicutes|c__Bacilli|o__Lactobacillales|f__Streptococcaceae|g__Streptococcus|s__Streptococcus_pasteurianus,k__Bacteria|p__Firmicutes|c__Erysipelotrichia|o__Erysipelotrichales|f__Erysipelotrichaceae|g__Holdemanella|s__Holdemanella_biformis,k__Bacteria|p__Firmicutes|c__Bacilli|o__Bacillales|f__Staphylococcaceae|g__Staphylococcus|s__Staphylococcus_sciuri,k__Bacteria|p__Firmicutes|c__Erysipelotrichia|o__Erysipelotrichales|f__Erysipelotrichaceae|g__Faecalicoccus|s__Faecalicoccus_pleomorphus,k__Bacteria|p__Firmicutes|c__Bacilli|o__Bacillales|f__Staphylococcaceae|g__Macrococcus|s__Macrococcus_caseolyticus,k__Bacteria|p__Actinobacteria|c__Actinobacteria|o__Actinomycetales|f__Actinomycetaceae|g__Actinomyces|s__Actinomyces_sp_HPA0247,k__Bacteria|p__Firmicutes|c__Clostridia|o__Clostridiales|f__Eubacteriaceae|g__Eubacterium|s__Eubacterium_limosum,k__Bacteria|p__Firmicutes|c__Negativicutes|o__Veillonellales|f__Veillonellaceae|g__Veillonella|s__Veillonella_seminalis,k__Bacteria|p__Firmicutes|c__Bacilli|o__Lactobacillales|f__Lactobacillaceae|g__Lactobacillus|s__Lactobacillus_johnsonii,k__Bacteria|p__Firmicutes|c__Bacilli|o__Lactobacillales|f__Lactobacillaceae|g__Lactobacillus|s__Lactobacillus_gastricus,k__Bacteria|p__Firmicutes|c__Negativicutes|o__Veillonellales|f__Veillonellaceae|g__Veillonella|s__Veillonella_dispar,k__Bacteria|p__Proteobacteria|c__Gammaproteobacteria|o__Enterobacterales|f__Morganellaceae|g__Morganella|s__Morganella_morganii,k__Bacteria|p__Fusobacteria|c__Fusobacteriia|o__Fusobacteriales|f__Fusobacteriaceae|g__Fusobacterium|s__Fusobacterium_varium,k__Bacteria|p__Firmicutes|c__Bacilli|o__Lactobacillales|f__Streptococcaceae|g__Streptococcus|s__Streptococcus_infantarius,k__Bacteria|p__Bacteroidetes|c__Bacteroidia|o__Bacteroidales|f__Bacteroidaceae|g__Bacteroides|s__Bacteroides_xylanisolvens,k__Bacteria|p__Firmicutes|c__Bacilli|o__Lactobacillales|f__Streptococcaceae|g__Streptococcus|s__Streptococcus_sp_HMSC071D03,k__Bacteria|p__Firmicutes|c__Bacilli|o__Lactobacillales|f__Enterococcaceae|g__Enterococcus|s__Enterococcus_avium,k__Bacteria|p__Firmicutes|c__Clostridia|o__Clostridiales|f__Peptostreptococcaceae|g__Peptostreptococcus|s__Peptostreptococcus_anaerobius,k__Bacteria|p__Firmicutes|c__Bacilli|o__Lactobacillales|f__Enterococcaceae|g__Enterococcus|s__Enterococcus_gallinarum,k__Bacteria|p__Actinobacteria|c__Actinobacteria|o__Bifidobacteriales|f__Bifidobacteriaceae|g__Bifidobacterium|s__Bifidobacterium_catenulatum,k__Bacteria|p__Firmicutes|c__Clostridia|o__Clostridiales|f__Clostridiaceae|g__Clostridium|s__Clostridium_neonatale,k__Bacteria|p__Actinobacteria|c__Coriobacteriia|o__Coriobacteriales|f__Atopobiaceae|g__Atopobium|s__Atopobium_parvulum,k__Bacteria|p__Actinobacteria|c__Actinobacteria|o__Actinomycetales|f__Actinomycetaceae|g__Actinomyces|s__Actinomyces_sp_oral_taxon_181,k__Bacteria|p__Firmicutes|c__Bacilli|o__Lactobacillales|f__Streptococcaceae|g__Streptococcus|s__Streptococcus_oralis,k__Bacteria|p__Firmicutes|c__Bacilli|o__Lactobacillales|f__Leuconostocaceae|g__Leuconostoc|s__Leuconostoc_lactis,k__Bacteria|p__Proteobacteria|c__Gammaproteobacteria|o__Pasteurellales|f__Pasteurellaceae|g__Haemophilus|s__Haemophilus_haemolyticus,k__Bacteria|p__Firmicutes|c__Bacilli|o__Lactobacillales|f__Streptococcaceae|g__Streptococcus|s__Streptococcus_infantis,k__Bacteria|p__Firmicutes|c__Clostridia|o__Clostridiales|f__Eubacteriaceae|g__Eubacterium|s__Eubacterium_callanderi,k__Bacteria|p__Firmicutes|c__Clostridia|o__Clostridiales|f__Peptostreptococcaceae|g__Romboutsia|s__Romboutsia_ilealis,k__Bacteria|p__Firmicutes|c__Negativicutes|o__Selenomonadales|f__Selenomonadaceae|g__Megamonas|s__Megamonas_funiformis_CAG_377,k__Bacteria|p__Firmicutes|c__Clostridia|o__Clostridiales|f__Lachnospiraceae|g__Coprococcus|s__Coprococcus_comes,k__Bacteria|p__Firmicutes|c__Bacilli|o__Lactobacillales|f__Streptococcaceae|g__Lactococcus|s__Lactococcus_petauri,k__Bacteria|p__Firmicutes|c__Bacilli|o__Lactobacillales|f__Streptococcaceae|g__Lactococcus|s__Lactococcus_garvieae,k__Bacteria|p__Firmicutes|c__Bacilli|o__Lactobacillales|f__Enterococcaceae|g__Enterococcus|s__Enterococcus_faecium,k__Bacteria|p__Firmicutes|c__Negativicutes|o__Veillonellales|f__Veillonellaceae|g__Dialister|s__Dialister_succinatiphilus,k__Bacteria|p__Firmicutes|c__Clostridia|o__Clostridiales|f__Lachnospiraceae|g__Fusicatenibacter|s__Fusicatenibacter_saccharivorans,k__Bacteria|p__Fusobacteria|c__Fusobacteriia|o__Fusobacteriales|f__Fusobacteriaceae|g__Fusobacterium|s__Fusobacterium_mortiferum,k__Bacteria|p__Firmicutes|c__Clostridia|o__Clostridiales|f__Eubacteriaceae|g__Eubacterium|s__Eubacterium_eligens,k__Bacteria|p__Actinobacteria|c__Actinobacteria|o__Actinomycetales|f__Actinomycetaceae|g__Actinomyces|s__Actinomyces_naeslundii,k__Bacteria|p__Firmicutes|c__Negativicutes|o__Veillonellales|f__Veillonellaceae|g__Veillonella|s__Veillonella_sp_T11011_6,k__Bacteria|p__Actinobacteria|c__Actinobacteria|o__Actinomycetales|f__Actinomycetaceae|g__Actinomyces|s__Actinomyces_oris,k__Bacteria|p__Firmicutes|c__Clostridia|o__Clostridiales|f__Lachnospiraceae|g__Coprococcus|s__Coprococcus_catus,k__Bacteria|p__Proteobacteria|c__Epsilonproteobacteria|o__Campylobacterales|f__Campylobacteraceae|g__Campylobacter|s__Campylobacter_coli,k__Bacteria|p__Firmicutes|c__Bacilli|o__Lactobacillales|f__Enterococcaceae|g__Enterococcus|s__Enterococcus_raffinosus,k__Bacteria|p__Firmicutes|c__Bacilli|o__Lactobacillales|f__Lactobacillaceae|g__Lactobacillus|s__Lactobacillus_salivarius,k__Bacteria|p__Firmicutes|c__Bacilli|o__Lactobacillales|f__Lactobacillaceae|g__Lactobacillus|s__Lactobacillus_oris,k__Bacteria|p__Firmicutes|c__Bacilli|o__Lactobacillales|f__Enterococcaceae|g__Enterococcus|s__Enterococcus_faecalis,k__Bacteria|p__Firmicutes|c__Bacilli|o__Lactobacillales|f__Streptococcaceae|g__Streptococcus|s__Streptococcus_sanguinis,k__Bacteria|p__Proteobacteria|c__Gammaproteobacteria|o__Pasteurellales|f__Pasteurellaceae|g__Haemophilus|s__Haemophilus_sp_HMSC71H05,k__Bacteria|p__Actinobacteria|c__Actinobacteria|o__Bifidobacteriales|f__Bifidobacteriaceae|g__Aeriscardovia|s__Aeriscardovia_aeriphila,k__Bacteria|p__Proteobacteria|c__Betaproteobacteria|o__Neisseriales|f__Neisseriaceae|g__Neisseria|s__Neisseria_mucosa,k__Bacteria|p__Actinobacteria|c__Actinobacteria|o__Actinomycetales|f__Actinomycetaceae|g__Actinomyces|s__Actinomyces_viscosus,k__Bacteria|p__Firmicutes|c__Clostridia|o__Clostridiales|f__Peptostreptococcaceae|g__Intestinibacter|s__Intestinibacter_bartlettii,k__Bacteria|p__Firmicutes|c__Clostridia|o__Clostridiales|f__Eubacteriaceae|g__Eubacterium|s__Eubacterium_sp_CAG_38,k__Bacteria|p__Firmicutes|c__Clostridia|o__Clostridiales|f__Lachnospiraceae|g__Lachnoclostridium|s__Clostridium_bolteae,k__Bacteria|p__Firmicutes|c__Clostridia|o__Clostridiales|f__Peptostreptococcaceae|g__Clostridioides|s__Clostridioides_difficile,k__Bacteria|p__Firmicutes|c__Clostridia|o__Clostridiales|f__Lachnospiraceae|g__Tyzzerella|s__Tyzzerella_nexilis,k__Bacteria|p__Firmicutes|c__Clostridia|o__Clostridiales|f__Eubacteriaceae|g__Eubacterium|s__Eubacterium_sp_CAG_251,k__Bacteria|p__Firmicutes|c__Negativicutes|o__Veillonellales|f__Veillonellaceae|g__Dialister|s__Dialister_pneumosintes,k__Bacteria|p__Firmicutes|c__Negativicutes|o__Veillonellales|f__Veillonellaceae|g__Megasphaera|s__Megasphaera_micronuciformis,k__Bacteria|p__Actinobacteria|c__Coriobacteriia|o__Eggerthellales|f__Eggerthellaceae|g__Slackia|s__Slackia_isoflavoniconvertens,k__Bacteria|p__Firmicutes|c__Clostridia|o__Clostridiales|f__Clostridiaceae|g__Butyricicoccus|s__Butyricicoccus_pullicaecorum,k__Bacteria|p__Firmicutes|c__Clostridia|o__Clostridiales|f__Clostridiaceae|g__Clostridium|s__Clostridium_paraputrificum,k__Bacteria|p__Firmicutes|c__Clostridia|o__Clostridiales|f__Clostridiaceae|g__Clostridium|s__Clostridium_disporicum,k__Bacteria|p__Firmicutes|c__Clostridia|o__Clostridiales|f__Clostridiaceae|g__Clostridium|s__Clostridium_bolteae_CAG_59,k__Bacteria|p__Proteobacteria|c__Betaproteobacteria|o__Burkholderiales|f__Sutterellaceae|g__Parasutterella|s__Parasutterella_excrementihominis,k__Bacteria|p__Verrucomicrobia|c__Verrucomicrobiae|o__Verrucomicrobiales|f__Akkermansiaceae|g__Akkermansia|s__Akkermansia_muciniphila,k__Bacteria|p__Firmicutes|c__Bacilli|o__Lactobacillales|f__Enterococcaceae|g__Enterococcus|s__Enterococcus_hirae,k__Bacteria|p__Proteobacteria|c__Gammaproteobacteria|o__Enterobacterales|f__Enterobacteriaceae|g__Citrobacter|s__Citrobacter_pasteurii,k__Bacteria|p__Firmicutes|c__Bacilli|o__Lactobacillales|f__Lactobacillaceae|g__Lactobacillus|s__Lactobacillus_crispatus,k__Bacteria|p__Firmicutes|c__Bacilli|o__Lactobacillales|f__Enterococcaceae|g__Enterococcus|s__Enterococcus_casseliflavus,k__Bacteria|p__Firmicutes|c__Clostridia|o__Clostridiales|f__Clostridiaceae|g__Clostridium|s__Clostridium_butyricum,k__Bacteria|p__Firmicutes|c__Clostridia|o__Clostridiales|f__Clostridiaceae|g__Clostridium|s__Clostridium_sp_7_2_43FAA,k__Bacteria|p__Firmicutes|c__Bacilli|o__Lactobacillales|f__Streptococcaceae|g__Streptococcus|s__Streptococcus_anginosus_group,k__Bacteria|p__Firmicutes|c__Clostridia|o__Clostridiales|f__Lachnospiraceae|g__Lachnoclostridium|s__Clostridium_clostridioforme,k__Bacteria|p__Cyanobacteria|c__Cyanobacteria_unclassified|o__Chroococcidiopsidales|f__Chroococcidiopsidaceae|g__Chroococcidiopsis|s__Chroococcidiopsis_thermalis,k__Bacteria|p__Firmicutes|c__Bacilli|o__Lactobacillales|f__Leuconostocaceae|g__Weissella|s__Weissella_paramesenteroides,k__Bacteria|p__Bacteroidetes|c__Bacteroidia|o__Bacteroidales|f__Bacteroidaceae|g__Bacteroides|s__Bacteroides_plebeius,k__Bacteria|p__Firmicutes|c__Bacilli|o__Lactobacillales|f__Streptococcaceae|g__Streptococcus|s__Streptococcus_gordonii,k__Bacteria|p__Firmicutes|c__Negativicutes|o__Veillonellales|f__Veillonellaceae|g__Veillonella|s__Veillonella_tobetsuensis,k__Bacteria|p__Actinobacteria|c__Coriobacteriia|o__Coriobacteriales|f__Atopobiaceae|g__Atopobium|s__Atopobium_rimae,k__Bacteria|p__Firmicutes|c__Bacilli|o__Lactobacillales|f__Carnobacteriaceae|g__Dolosigranulum|s__Dolosigranulum_pigrum,k__Bacteria|p__Firmicutes|c__Bacilli|o__Lactobacillales|f__Streptococcaceae|g__Streptococcus|s__Streptococcus_salivarius_CAG_79,k__Bacteria|p__Proteobacteria|c__Gammaproteobacteria|o__Enterobacterales|f__Enterobacteriaceae|g__Klebsiella|s__Klebsiella_michiganensis,k__Bacteria|p__Proteobacteria|c__Gammaproteobacteria|o__Enterobacterales|f__Enterobacteriaceae|g__Raoultella|s__Raoultella_sp_T31,k__Bacteria|p__Proteobacteria|c__Gammaproteobacteria|o__Enterobacterales|f__Enterobacteriaceae|g__Klebsiella|s__Klebsiella_oxytoca,k__Bacteria|p__Firmicutes|c__Bacilli|o__Lactobacillales|f__Lactobacillaceae|g__Lactobacillus|s__Lactobacillus_paragasseri,k__Bacteria|p__Proteobacteria|c__Gammaproteobacteria|o__Enterobacterales|f__Enterobacteriaceae|g__Escherichia|s__Escherichia_albertii,k__Eukaryota|p__Ascomycota|c__Saccharomycetes|o__Saccharomycetales|f__Debaryomycetaceae|g__Candida|s__Candida_albicans,k__Bacteria|p__Proteobacteria|c__Gammaproteobacteria|o__Pseudomonadales|f__Moraxellaceae|g__Acinetobacter|s__Acinetobacter_junii,k__Bacteria|p__Proteobacteria|c__Gammaproteobacteria|o__Pseudomonadales|f__Moraxellaceae|g__Acinetobacter|s__Acinetobacter_soli,k__Bacteria|p__Proteobacteria|c__Gammaproteobacteria|o__Pseudomonadales|f__Moraxellaceae|g__Acinetobacter|s__Acinetobacter_haemolyticus,k__Bacteria|p__Proteobacteria|c__Gammaproteobacteria|o__Pseudomonadales|f__Moraxellaceae|g__Acinetobacter|s__Acinetobacter_ursingii,k__Bacteria|p__Proteobacteria|c__Gammaproteobacteria|o__Pseudomonadales|f__Moraxellaceae|g__Acinetobacter|s__Acinetobacter_venetianus,k__Bacteria|p__Bacteroidetes|c__Bacteroidia|o__Bacteroidales|f__Prevotellaceae|g__Prevotella|s__Prevotella_melaninogenica,k__Bacteria|p__Firmicutes|c__Bacilli|o__Lactobacillales|f__Streptococcaceae|g__Streptococcus|s__Streptococcus_milleri,k__Bacteria|p__Firmicutes|c__Bacilli|o__Lactobacillales|f__Lactobacillaceae|g__Lactobacillus|s__Lactobacillus_gasseri,k__Bacteria|p__Firmicutes|c__Bacilli|o__Lactobacillales|f__Streptococcaceae|g__Streptococcus|s__Streptococcus_macedonicus,k__Bacteria|p__Bacteroidetes|c__Bacteroidia|o__Bacteroidales|f__Prevotellaceae|g__Prevotella|s__Prevotella_histicola,k__Bacteria|p__Proteobacteria|c__Betaproteobacteria|o__Neisseriales|f__Neisseriaceae|g__Neisseria|s__Neisseria_sicca,k__Bacteria|p__Proteobacteria|c__Betaproteobacteria|o__Burkholderiales|f__Burkholderiaceae|g__Lautropia|s__Lautropia_mirabilis,k__Bacteria|p__Firmicutes|c__Bacilli|o__Bacillales|f__Staphylococcaceae|g__Staphylococcus|s__Staphylococcus_hominis,k__Bacteria|p__Proteobacteria|c__Gammaproteobacteria|o__Aeromonadales|f__Aeromonadaceae|g__Aeromonas|s__Aeromonas_media,k__Bacteria|p__Proteobacteria|c__Gammaproteobacteria|o__Aeromonadales|f__Aeromonadaceae|g__Aeromonas|s__Aeromonas_hydrophila,k__Bacteria|p__Proteobacteria|c__Gammaproteobacteria|o__Aeromonadales|f__Aeromonadaceae|g__Aeromonas|s__Aeromonas_veronii,k__Bacteria|p__Firmicutes|c__Bacilli|o__Bacillales|f__Bacillaceae|g__Anoxybacillus|s__Anoxybacillus_flavithermus,k__Bacteria|p__Firmicutes|c__Bacilli|o__Lactobacillales|f__Lactobacillaceae|g__Lactobacillus|s__Lactobacillus_reuteri,k__Bacteria|p__Firmicutes|c__Bacilli|o__Bacillales|f__Staphylococcaceae|g__Staphylococcus|s__Staphylococcus_haemolyticus,k__Bacteria|p__Bacteroidetes|c__Sphingobacteriia|o__Sphingobacteriales|f__Sphingobacteriaceae|g__Pedobacter|s__Pedobacter_himalayensis,k__Eukaryota|p__Apicomplexa|c__Conoidasida|o__Eucoccidiorida|f__Cryptosporidiidae|g__Cryptosporidium|s__Cryptosporidium_hominis,k__Eukaryota|p__Apicomplexa|c__Conoidasida|o__Eucoccidiorida|f__Cryptosporidiidae|g__Cryptosporidium|s__Cryptosporidium_parvum,k__Eukaryota|p__Ascomycota|c__Saccharomycetes|o__Saccharomycetales|f__Debaryomycetaceae|g__Candida|s__Candida_tropicalis,k__Eukaryota|p__Apicomplexa|c__Conoidasida|o__Eucoccidiorida|f__Cryptosporidiidae|g__Cryptosporidium|s__Cryptosporidium_meleagridis,k__Bacteria|p__Bacteroidetes|c__Bacteroidia|o__Bacteroidales|f__Prevotellaceae|g__Prevotella|s__Prevotella_sp_AM42_24,k__Bacteria|p__Actinobacteria|c__Actinobacteria|o__Propionibacteriales|f__Propionibacteriaceae|g__Cutibacterium|s__Cutibacterium_acnes,k__Bacteria|p__Bacteroidetes|c__Bacteroidia|o__Bacteroidales|f__Prevotellaceae|g__Prevotella|s__Prevotella_sp_CAG_520,k__Bacteria|p__Proteobacteria|c__Gammaproteobacteria|o__Pseudomonadales|f__Moraxellaceae|g__Acinetobacter|s__Acinetobacter_nosocomialis,k__Bacteria|p__Firmicutes|c__Negativicutes|o__Veillonellales|f__Veillonellaceae|g__Veillonella|s__Veillonella_infantium,k__Bacteria|p__Proteobacteria|c__Gammaproteobacteria|o__Aeromonadales|f__Aeromonadaceae|g__Aeromonas|s__Aeromonas_dhakensis,k__Bacteria|p__Bacteroidetes|c__Bacteroidia|o__Bacteroidales|f__Tannerellaceae|g__Parabacteroides|s__Parabacteroides_merdae,k__Bacteria|p__Firmicutes|c__Clostridia|o__Clostridiales|f__Peptostreptococcaceae|g__Peptostreptococcus|s__Peptostreptococcus_stomatis,k__Bacteria|p__Bacteroidetes|c__Bacteroidia|o__Bacteroidales|f__Bacteroidaceae|g__Bacteroides|s__Bacteroides_sp_CAG_530,k__Bacteria|p__Bacteroidetes|c__Bacteroidia|o__Bacteroidales|f__Prevotellaceae|g__Prevotella|s__Prevotella_sp_CAG_1092,k__Bacteria|p__Proteobacteria|c__Gammaproteobacteria|o__Vibrionales|f__Vibrionaceae|g__Vibrio|s__Vibrio_cholerae,k__Bacteria|p__Proteobacteria|c__Gammaproteobacteria|o__Aeromonadales|f__Succinivibrionaceae|g__Anaerobiospirillum|s__Anaerobiospirillum_thomasii,k__Bacteria|p__Bacteroidetes|c__Bacteroidia|o__Bacteroidales|f__Prevotellaceae|g__Prevotella|s__Prevotella_sp_CAG_279,k__Bacteria|p__Bacteroidetes|c__Bacteroidia|o__Bacteroidales|f__Prevotellaceae|g__Prevotella|s__Prevotella_sp_CAG_5226,k__Bacteria|p__Firmicutes|c__Negativicutes|o__Acidaminococcales|f__Acidaminococcaceae|g__Acidaminococcus|s__Acidaminococcus_sp_CAG_542,k__Bacteria|p__Actinobacteria|c__Actinobacteria|o__Actinomycetales|f__Actinomycetaceae|g__Actinomyces|s__Actinomyces_graevenitzii,k__Bacteria|p__Proteobacteria|c__Alphaproteobacteria|o__Rhizobiales|f__Rhizobiaceae|g__Agrobacterium|s__Agrobacterium_tumefaciens,k__Bacteria|p__Proteobacteria|c__Alphaproteobacteria|o__Rhizobiales|f__Rhizobiaceae|g__Agrobacterium|s__Agrobacterium_deltaense,k__Bacteria|p__Proteobacteria|c__Alphaproteobacteria|o__Rhizobiales|f__Brucellaceae|g__Ochrobactrum|s__Ochrobactrum_anthropi
DY.401.D01,40.79058,16.97035,16.50505,11.60097,3.66423,2.76089,2.33463,1.41514,1.05812,0.73758,0.5838,0.46513,0.2691,0.10694,0.08735,0.08189,0.06061,0.04295,0.04008,0.03861,0.03853,0.02176,0.02135,0.01985,0.0197,0.01551,0.01302,0.01296,0.01172,0.0117,0.01075,0.01061,0.00881,0.00847,0.00822,0.00726,0.00629,0.00551,0.00522,0.00467,0.00465,0.00363,0.00292,0.00208,0.0016,6.4e-4,0,0,0,0,0,0,0,0,0,0,0,0,0,0,0,0,0,0,0,0,0,0,0,0,0,0,0,0,0,0,0,0,0,0,0,0,0,0,0,0,0,0,0,0,0,0,0,0,0,0,0,0,0,0,0,0,0,0,0,0,0,0,0,0,0,0,0,0,0,0,0,0,0,0,0,0,0,0,0,0,0,0,0,0,0,0,0,0,0,0,0,0,0,0,0,0,0,0,0,0,0,0,0,0,0,0,0,0,0,0,0,0,0,0,0,0,0,0,0,0,0,0,0,0,0,0,0,0,0,0,0,0,0,0,0,0,0,0,0,0,0,0,0,0,0,0,0,0,0,0,0,0,0,0,0,0,0,0,0,0,0,0,0,0,0,0,0,0,0,0,0,0,0,0,0,0,0,0,0,0,0,0,0,0,0,0,0,0,0
DY.404.D01,69.38481,1.07927,0.00206,9.48745,4.66759,1.32142,0,0.8909,0.8197,0,0,0.17815,0.01054,0,0.62012,0,0.05657,0.05713,0.03018,0,0.08022,0,0,0.00302,0.01494,0,0.00147,0,0.00128,0.08711,6.48274,0,0,0,0.00723,0.0039,0,0,0,0,0.91745,0,0,1.07057,0.17922,0,0.6687,0.45988,0.34893,0.1561,0.13833,0.10464,0.09922,0.0905,0.06256,0.05775,0.05697,0.05347,0.04193,0.03743,0.03374,0.02369,0.02001,0.01674,0.01553,0.00464,0.00201,0.00183,0.0017,9e-4,0,0,0,0,0,0,0,0,0,0,0,0,0,0,0,0,0,0,0,0,0,0,0,0,0,0,0,0,0,0,0,0,0,0,0,0,0,0,0,0,0,0,0,0,0,0,0,0,0,0,0,0,0,0,0,0,0,0,0,0,0,0,0,0,0,0,0,0,0,0,0,0,0,0,0,0,0,0,0,0,0,0,0,0,0,0,0,0,0,0,0,0,0,0,0,0,0,0,0,0,0,0,0,0,0,0,0,0,0,0,0,0,0,0,0,0,0,0,0,0,0,0,0,0,0,0,0,0,0,0,0,0,0,0,0,0,0,0,0,0,0,0,0,0,0,0,0,0,0,0,0,0,0,0,0,0,0,0,0,0,0,0,0,0,0
DY.405.D01,2.85368,0.21372,4.98437,0.05801,1.66208,2.13833,0,1.71293,17.5316,0.50095,0,0.34406,0,0,0,0.35534,0,0,0,0,0.02522,0.58287,0,0,0,0,0.48257,0,0,0,0,0.00215,0,0,0.0944,0,0,0,0.00107,0.35526,0.51331,0,0,0.03747,0.10384,0,0,0.48207,0.0373,0,0,0,0,0,0.07844,0.02599,0,0.84189,0.02636,0,0,0,0,0,0,0,0,0,0.00177,0,40.13296,7.66039,6.70002,4.65575,1.23277,0.79167,0.77993,0.25666,0.1949,0.18183,0.16147,0.14773,0.13782,0.13359,0.11054,0.08597,0.08315,0.07447,0.06267,0.05075,0.03828,0.03658,0.03495,0.02456,0.02389,0.02061,0.0171,0.01458,0.01266,0.01185,0.00858,0.00664,0.00603,0.00601,0.0055,0.00537,0.00443,0.00196,0.00184,7.6e-4,0,0,0,0,0,0,0,0,0,0,0,0,0,0,0,0,0,0,0,0,0,0,0,0,0,0,0,0,0,0,0,0,0,0,0,0,0,0,0,0,0,0,0,0,0,0,0,0,0,0,0,0,0,0,0,0,0,0,0,0,0,0,0,0,0,0,0,0,0,0,0,0,0,0,0,0,0,0,0,0,0,0,0,0,0,0,0,0,0,0,0,0,0,0,0,0,0,0,0,0,0,0,0,0,0,0,0,0,0,0,0,0,0,0,0,0,0,0,0,0,0,0,0,0,0
DY.406.D01,0.14484,29.25893,0.77589,5.08981,20.98902,13.70417,0,0.61218,3.25271,7.74902,0.9523,0,0,0,0,0.90357,0,8.78417,0.03057,0,4.3263,0.03553,0,0.00631,0.00751,0,0.22849,0,0.6544,0.00684,0,0.02832,0.07134,0.04357,0.00254,0.00351,0,0,0.02882,0,0,0,0,0,0.02853,0,0,0,0.03018,0,0,0,0,0,0,0.03348,0,0,0,0,0,0,0,0,0,0,0,0,0,0,0.1561,0,0.04168,0.0079,0,0,0,0,0,0,0,0,0,0,0,0.00532,0,0,0,0,0.06857,0,0,0,0.04341,0,0,0.03609,0,0,0,0,0,0,0,0,0,0,0,0.0084,0.32339,0.32327,0.25561,0.14392,0.13993,0.11529,0.11527,0.06833,0.05873,0.04694,0.03618,0.02913,0.02878,0.02506,0.02136,0.01785,0.01383,0.01188,0.00707,0.0053,0.00501,0.0011,0,0,0,0,0,0,0,0,0,0,0,0,0,0,0,0,0,0,0,0,0,0,0,0,0,0,0,0,0,0,0,0,0,0,0,0,0,0,0,0,0,0,0,0,0,0,0,0,0,0,0,0,0,0,0,0,0,0,0,0,0,0,0,0,0,0,0,0,0,0,0,0,0,0,0,0,0,0,0,0,0,0,0,0,0,0,0,0,0,0,0,0,0,0,0,0,0,0,0,0,0,0,0
DY.407.D01,41.8725,1.36678,0.00205,1.41518,2.56534,0.05465,0,1.20254,3.37672,0,0,0.00127,0,0,1.96215,0.00159,0.20341,0,0.00437,0,0.0037200000000000002,21.84282,5.5773,0.3802,0,0,0,0,0.05117,0,5.7777,0.00187,0,0.00298,0.0299,0,0,0,0,0.07181,1.42323,0,0,1.55054,0,0.06973,0,0.28837,1.17575,0,1.90415,0,0,0,0,0,0,0,9e-4,0,0.07279,0,0,0,0.28288,0,0,0.03772,0,0,2.07676,0,0.427,0,0,0.01824,0.09403,0,0,0,0,0,0,0,0,0.02471,0,0,0,0,0,1.58417,0,0,0,0,0,0,0,0,0,0.02544,0,0.05837,0,0,0,0,0,0,0,0,0,0.03532,0,0,0.0707,0,0,0,0,0,0,0,0,0,0,0,0,0,0,0,0.62469,0.19066,0.10082,0.02793,0.02329,0.01088,0.00889,0.00719,0.00565,0.00292,7.7e-4,5.2e-4,4.1e-4,0,0,0,0,0,0,0,0,0,0,0,0,0,0,0,0,0,0,0,0,0,0,0,0,0,0,0,0,0,0,0,0,0,0,0,0,0,0,0,0,0,0,0,0,0,0,0,0,0,0,0,0,0,0,0,0,0,0,0,0,0,0,0,0,0,0,0,0,0,0,0,0,0,0,0,0,0,0,0,0,0,0,0,0,0,0,0,0,0,0
DY.408.D01,10.46254,11.6493,6.66637,17.4218,5.80897,7.39318,0,3.76172,0.9779,0.07507,0.28136,0,0,0.00938,0,0.04528,0.30053,3.30812,0.00314,0.19972,0.99126,0.19507,0.01055,0,0.00986,0.00351,0.09372,0,0.01254,0,0.01209,0.00177,0.00126,0,0.15639,0,0,0,0.00557,0,0,0.02187,0,0,0,0.26893,0,0,0,0,0.00357,0,0,0,0,0,0,0,0,0,0,0,0,0,0,0,0,0,0,0,0.45904,0,0.02817,0,0,17.85832,0,0,0,0,0,0,0,0,0,0.01168,0,0,0,0,0,0.03846,0,0,0,0,0,0,0,0,0,0,0,0.02658,0,0,0,0,0,0,0,0,0,0,0.01995,0,0,0,0,0.22228,0,0,0,0,0,0,0.02347,0,0,0,0,0,0,0,0,0,7.5e-4,0,0,0,0,0,0,0.0024,0,8.71084,2.14487,0.12803,0.05079,0.03936,0.01646,0.00709,0.00163,0.00106,6.5e-4,0,0,0,0,0,0,0,0,0,0,0,0,0,0,0,0,0,0,0,0,0,0,0,0,0,0,0,0,0,0,0,0,0,0,0,0,0,0,0,0,0,0,0,0,0,0,0,0,0,0,0,0,0,0,0,0,0,0,0,0,0,0,0,0,0,0,0,0,0,0,0,0,0,0,0,0,0,0,0,0
DY.409.D01,11.03888,8.60228,0.01808,1.42101,4.63991,2.53856,0,5.41972,2.48449,1.0616,0,5.6e-4,0,0,0,0.006,1.2915,0.09793,0.08679,0,0.75622,0,0,1.98815,0.03415,0.02345,0.01733,0,0.07988,0,0,0.01189,0,0,0.47929,0.00658,0,0,0,0,0.29795,2.57494,0,0,2.4056,0,0,0,0,0,1.93705,0,0,0,0.10799,5.8147,0,9.97887,3.03212,0.04596,0,0,0,0,0,0,0.02144,0,0,0,15.27625,0,1.15662,2.67962,0,0.01989,0,0,0,0,0,0,0,0,0,0.21847,0,0,0,1.07355,0,0,0,0,0,0.52017,0,0,0.02873,0,0,0.03516,0,0.01286,2.52928,0,0,0,0,0.0459,0,0,0,0,0.00996,0,0.02998,0,0,0.02835,0,0,0.00436,0,0,0,0,0,0,0,0,0,0,0,0,0,0.02006,0,0,0,0,0,0,0,0,0,0,0,0,0,0,0,0,0,0,2.82232,2.60234,0.7121,0.3957,0.27193,0.15932,0.12555,0.11978,0.07521,0.07269,0.0619,0.00976,0.00494,0.00263,0,0,0,0,0,0,0,0,0,0,0,0,0,0,0,0,0,0,0,0,0,0,0,0,0,0,0,0,0,0,0,0,0,0,0,0,0,0,0,0,0,0,0,0,0,0,0,0,0,0,0,0,0,0,0,0,0,0,0,0,0,0,0,0,0,0
DY.411.D01,33.44998,22.58539,0,0,0.00439,11.45616,0,0.01165,9.54559,0.11124,0,0,0,0,0,0.11992,0,1.54984,0,3.96753,0.08629,0,0,1.7953,0,0,0.03998,0,0,0,0,0,0,0,0.09603,0,0,0,0.00181,0,0,0,0,0,0.28855,0,0,0,0.34856,0,0,0,0,0,0,0.11374,0,0.23018,0.15923,0,0,0,0,0,0,0,0,0,0,0,6.43757,0,0.6939,0.05086,0,0,0.03751,0.07827,0,0,0,0,0,0,0,0,0,0,0,0,0,0.0352,0,0,0,0.00689,0,0.03505,0,0,0,0,0,0.00429,0,0,0,0,0,0,0,0,0,0,0,0,0,0,0,0.23233,0,0.05417,1.22307,0,0,0,0,0,0,0,0,0,0.00493,0,0,0,0.97755,0,0,0,0,0,0,0,0,0,0,0,0,0.00455,0,0,0,0,0,0.01706,0,0,0,0,0,0,0,0,0,0,0,0,0,2.19153,1.45894,0.22321,0.12629,0.108,0.01853,0.00622,0.00602,0.00305,0.00252,0.00113,0,0,0,0,0,0,0,0,0,0,0,0,0,0,0,0,0,0,0,0,0,0,0,0,0,0,0,0,0,0,0,0,0,0,0,0,0,0,0,0,0,0,0,0,0,0,0,0,0,0,0,0,0,0,0
DY.419.D01,0.00538,17.03344,32.11902,5.0703,12.65406,8.05119,0,3.70637,4.67858,0,0,0.67101,0,0,1.13128,0.03011,0.14969,0.01306,0.01786,0,2.4728,0.0105,0,0.58605,0.01401,0,0.09628,0,0.07747,0.00851,1.69812,0.00171,0,0.22212,2.03623,0.00315,0,0,0,0.36942,1.37487,0,0,0.25603,0,0,0,0.63264,0.58235,0,0.25617,0,0.01191,0,0.04802,0,0,0.40199,0,0,0,0.00118,0,0,0,0,0,0,0,0,0,0,0,0,0.01174,0,0,0,0,0,0,0,0,0,0,0,0,0.53677,0,0.03469,0,0,0,0,0.00344,0.02722,0,0,0,0,0,0,0,0,0,0,0,0,0,0,0,0,0,0.01646,0,0,0,0.17173,8.2e-4,0,0,0,0.00127,0,0,0.00388,0,0,0,0,0,0,0,0.00947,0,0,0,0,0.06357,0.00497,0,0,0,0.0203,0,0,0,0,0,0,0,0,0,0,0,0.02487,0,0,0,0,0,0,0,0,0,0,0,0,0,0,0,0,0,0,0,0,0.00247,0,0,0,2.4532,0.02599,0.0158,0.00272,0.00131,0,0,0,0,0,0,0,0,0,0,0,0,0,0,0,0,0,0,0,0,0,0,0,0,0,0,0,0,0,0,0,0,0,0,0,0,0,0,0,0,0,0,0,0,0,0,0,0,0,0
DY.501.D01,0.19887,0.20629,0.052,0.0387,0.02842,0.04984,0,0.00865,99.32302,0,0,0,0,0,0,0.0034,0,0,0,0.0643,0,0,0,0,0,0,0.00123,0,0.0049,0,0,0,0,0,0,0,0,0,0,0,0,0,0,0,0,0,0,0,0,0,0,0,0,0,0,0,0,0,0,0,0,0,0,0,0,0,0,0,0.00616,0,0,0,0,0,0,0,0,0,0,0,0,0,0,0,0,0.00831,0,0,0,0,0,0,0,0,0,0,0,0,0,0,0,0.00382,0,0,0,0,0,0,0,0,0,0,0,0,0,0,0,0,0,0,0,0,0,0,0,0,0,0,0,0,0,0,0,0,0,0,0,0,0,0,0,0,0,0,0,0,0,0,0,0,0,0,0,0,0,0,0,0,0,0,0,0,0,0,0,0,0,0,0,0,0,0,0,0,0,0,0,0,0,0,0,0,0,0,0,0.00208,0,0,0,0,0,0,0,0,0,0,0,0,0,0,0,0,0,0,0,0,0,0,0,0,0,0,0,0,0,0,0,0,0,0,0,0,0,0,0,0,0,0,0,0,0,0,0,0,0
DY.502.D01,0,0.20124,0.00771,0,0,0.0158,0,0,96.51844,0,0,0,0,0,0,0,0,0,0,0.01146,0,0.08017,0,0,0,0,0.00192,0,0.12871,0,0,0,0,0,0,0,0,0,0,0,0,0,0,0,0,0,0,0,0,0,0,0,0,0,0,0,0,0,0,0,0,0,0,0,0,0,0,0,0,0,0.03447,0,0,0,0,0,0,0,0,0,0,0,0,0,0.14007,1.07399,0.28978,0,0,0,0,0,0,0,0,0,0,0,0,0,0,0.05598,0,0,0,0,0,0,0,0,0,0,0,0,0,0,0,0,0,0,0,0,0,0,0,0,0,0,0,0,0,0,0,0,0,0,0.84601,0,0,0,0,0,0,0,0,0,0,0,0,0,0,0,0,0,0,0,0,0,0,0,0,0,0,0,0,0,0,0,0,0,0,0,0,0,0,0,0,0,0,0,0,0,0,0,0,0,0.49381,0.04248,0.0386,0.01068,0.00869,0,0,0,0,0,0,0,0,0,0,0,0,0,0,0,0,0,0,0,0,0,0,0,0,0,0,0,0,0,0,0,0,0,0,0,0,0,0,0,0,0,0,0,0
DY.503.D01,0.00771,0.24151,0.00712,0.05359,0.1511,0.07667,0,0,89.94861,0.03095,0,0,0,0,0,0.49196,0,0.05141,0,0,0.00943,0.01824,0,0,0,0,0.01781,0,0.26168,0,0,0,0,0,0,0,0,0,0,0,0,0,0,0,0,0,0,0,0,0,0,0,0,0,0,0,0,0,0,0,0,0,0,0,0,0,0,0,0,0,0,0,0,0,0,0,0,0,0,0,0,0,0,0,0.63867,3.73477,1.3535,0,0,0,0,0,0,0.00214,0,0,0,0,0,0,0,0.34075,0,0,0,0,0,0,0,0,0,0,0,0,0,0,0,0,0,0,0,0,0,0,0,0,0,0,0,0,0,0,0,0,0,0,0.19335,0,0,0,0,0,0,0,0,0,0,0,0,0,0,0,0,0,0,0,0,0,0,0,0,0,0,0,0,0,0,0,0,0,0,0,0,0,0,0,0,0,0,0,0,0,0,0,0,0,2.2183,0,0.14631,0,0,0.00442,0,0,0,0,0,0,0,0,0,0,0,0,0,0,0,0,0,0,0,0,0,0,0,0,0,0,0,0,0,0,0,0,0,0,0,0,0,0,0,0,0,0,0
DY.504.D01,2.75906,14.1739,0,16.56396,0.18923,0.07232,0,0.05891,58.2083,0.0051,0,0,0,0,0.07452,0.1511,0.00671,0,0,0,0,1.74881,0.28773,0.01113,0,0.00899,0.58464,0,0.00501,0,0.30264,0,0.39069,0,0.0066,0,0,0,0.00364,0,0.06131,0,0,0.08045,0,0,0,0,0.06882,0,0.09727,0,0,0,0,0,0,0,0,0,0,0,0,0,0.00811,0,0,0,0,0,0.11223,0,0.02801,0,0,0,0,0,0,0,0,0,0,0,0.05462,1.2295,0.40933,0,0,0,0,0.09026,0,0,0,0,0,0,0,0,0.02532,0.15237,0,0,0,0,0,0,0,0,0,0,0,0,0,0,0.10604,0,0,0,0,0,0,0,0,0,0,0,0,0.06862,0,0,0.01952,0,0,0,0,0,0,0,0,0,0,0,0,0,0,0,0,0,0,0,0,0,0,0,0,0,0,0,0,0,0,0,0,0,0,0,0,0,0,0,0,0,0,0,0,0,0,0,0,0,0,0,0,0,0.65801,0.05306,0.0167,0,0,0,0.49261,0.36205,0.12991,0.05736,0.0055,0,0,0,0,0,0,0,0,0,0,0,0,0,0,0,0,0,0,0,0,0,0,0,0,0,0,0,0,0,0,0,0,0,0,0,0,0,0
DY.505.D01,0.10454,23.21966,0.01547,0.22009,0.00569,0.47277,0,0.321,73.11544,0,0,0,0,0,0,0,0,0,0,0.90956,0,0.01304,0,0,0,0,0,0,1.13708,0,0,0,0,0,0.00481,0,0,0,0.00434,0,0,0,0,0,0,0,0,0,0,0,0,0,0,0,0,0,0,0,0,0,0,0,0,0,0,0,0,0,0,0,0,0,0,0,0,0,0,0,0,0,0,0,0,0,0,0.25165,0.06556,0,0,0,0,0,0,0,0,0,0,0,0,0,0,0.03842,0,0,0,0,0,0,0,0,0,0,0,0,0,0,0,0,0,0.01117,0,0,0,0,0,0,0,0,0,0,0,0,0,0,0,0,0.02625,0,0,0,0,0,0,0,0,0,0.04831,0,0,0,0,0,0,0,0,0,0,0,0,0,0,0,0,0,0,0,0,0,0,0,0,0,0,0,0,0,0,0,0,0,0,0,0,0,0,0,0,0,0,0,0,0.00495,0,0.00889,0,0,0,0,0,0,0,0,0,0,0,0,0,0,0,0,0,0,0,0,0,0,0,0,0,0,0,0,0,0,0,0,0,0,0,0,0,0,0,0,0
DY.506.D01,0,0.03219,0,0,0.00404,0.02793,0,0.00854,25.68798,0,0,0,0,0,0,0.1146,0.04574,0,0,0.19865,0,0,0,8.01798,0,0,1.2697,0,0,0,0,0,0,0,0,0,0,0,0,0,0,0,0,0,0,0,0,0,0,0,0,0,0,0,0,0,0,0,0,0,0,0,0,0,0,0,0,0,0,0,0,0,0,0,0,0,0,0,0,0,0,0,0,0,0.43476,45.06274,8.95801,0,0,0,0,0.16996,0,0.21387,0.00939,0,0,0,0,0,0.16199,4.11926,0,0,0,0,0,0,0,0,0,0.9557,0,0.12618,0,0,0,0,0,0,0,0,0,0,0,0,0.51656,0,0,0,0,0,0,0,0,0,0,0,0,0,0,0,0,0,0,0,0,1.71494,0,0,0.51028,0.01108,0,0,0,0,0,0,0,0,0,0,0,0,0,0,0,0,0,0,0,0,0.01586,0,0,0,0,0,0,0,0,0,0,0,0,0,0.77472,0.01466,0.04523,0.25514,0,0.0435,0.00427,0,0,0,0,0.25307,0.05651,0.05292,0.04868,0.02064,0.01242,0.01074,0.00987,0.0079,0.00179,0,0,0,0,0,0,0,0,0,0,0,0,0,0,0,0,0,0,0,0,0,0,0,0,0,0,0,0
DY.507.D01,0,0.13812,0,0,0.01757,0.17078,0,0.00597,84.78469,0,0,0,0,0,0,0,0,0,0,0,0.91694,0,0,0.03047,0,0,0.24233,0,6.81179,0,0,0,0.02285,0.00172,0,0,0,0,0.11881,0,0,0,0,0,0,0,0,0,0,0,0,0,0,0,0,0,0,0,0,0,0,0,0,0,0,0,0,0,0,0,0,0,0,0,0,0,0,0,0,0,0,0,0,0,0.02932,2.54544,0.48532,0,0,0,0,0,0,0.003,0,0,0,0,0,0,0.70978,0.66141,0,0.02508,0,0,0,0,0,0,0,0,0,0,0,0,0,0.00608,0,0,0,0,0,0,0,0,0,0,0,0,0,0,0,0,0,0,1.26061,0,0,0,0,0,0,0,0,0,0,0,0.72891,0,0,0,0,0,0,0,0,0,0,0,0,0,0,0,0,0,0,0,0,0,0,0,0,0,0,0,0,0,0,0,0,0,0,0,0,0,0.03994,0.00506,0,0,0,0,0,0.02085,0,0,0,0,0,0,0.03251,0,0,0,0,0.1183,0,0.0358,0.03055,0,0,0,0,0,0,0,0,0,0,0,0,0,0,0,0,0,0,0,0,0,0,0,0,0,0
DY.508.D01,0.03531,21.80582,0.01835,0,0.03693,0.01499,0,0.00858,14.9025,0,0,0,0,0,0,0.07293,0,0,0,0,0,0.04028,0,0,0,0.02842,0.16304,0,0.15833,0,0,0,0,0,0,0,0,0,0,0,0,0,0,0,0,0,0,0,0,0,0,0,0,0,0,0,0,0,0,0,0,0,0,0,0,0,0,0,0,0,0,0,0,0,0,0,0,0,0,0.34949,0,0,0,0.7355,0.94491,41.60608,13.48721,0,0,0,0,0,0,0.11329,0,0,0,0,0,0,0,3.16126,0,0,0,0,0,0,0,0,0,0,0,0,0,0,0,0,0,0,0,0,0,0,0,0,0,0,0,0,0,0,0,0,0,0,0,0,0,0,0,0,0,0,0,0,0,0,0,0,0,0,0,0,0,0,0,0,0,0,0,0,0,0,0,0,0,0,0,0,0,0,0,0,0,0,0,0,0,0,0,0,0,0,0,0,1.25909,0.00542,0.07479,0,0,0,0,0.05612,0.0807,0,0,0,0,0,0,0,0,0,0.21653,0,0,0,0,0.60655,0.01515,0.00242,0,0,0,0,0,0,0,0,0,0,0,0,0,0,0,0,0,0,0,0,0,0,0
DY.509.D01,8.2e-4,0.02642,0,0,0,0.0146,0,0,24.77563,0,0,0,0,0,0,0.06471,0,0,0,0,0,0,0,0,0,0,0.11714,0,0.78282,0,0,0,0,0,0,0,0,0,0.01292,0,0,0,0,0,0,0,0,0,0,0,0,0,0,0,0,0,0,0,0,0,0,0,0,0,0,0,0,0,0,0,0,0,0,0,0,0,0,0,0,0,0,0,0,0,0.05154,61.33613,5.62009,0,0,0,0,0,0,0,0,0,0,0,0,0,0,7.03234,0,0,0,0,0,0,0,0,0,0,0,0,0,0,0,0,0,0,0,0,0,0,0,0,0,0,0,0,0,0,0,0,0,0,0.00293,0,0,0,0,0,0,0,0,0,0,0,0,0,0,0,0,0,0,0,0,0,0,0,0,0,0,0,0,0,0,0,0,0,0,0,0,0,0,0,0,0,0,0,0,0,0,0,0,0,0.13655,0.02102,0,0,0,0,0,0,0,0,0,0,0,0,0,0,0,0,0,0,0,0,0,0,0.00435,0,0,0,0,0,0,0,0,0,0,0,0,0,0,0,0,0,0,0,0,0,0,0,0
DY.510.D01,0.00167,0.39426,0,2.78038,0,0.11313,0,0,92.65143,0,0,0,0,0,0,2.69327,0,0,0,0,0.03965,0.04825,0,0,0,0,0.3887,0,0.00433,0,0,0,0.60643,0,0,0,0,0,0,0,0,0,0,0,0,0,0,0,0,0,0,0,0,0,0,0,0,0,0,0,0,0,0,0,0,0,0,0,0,0,0,0,0,0,0,0,0,0,0,0,0,0,0,0,0,0.06272,0,0,0,0,0,0,0,0,0,0,0,0.10076,0,0,0,0.00522,0,0.01558,0,0,0,0,0,0,0,0,0,0,0,0,0,0,0,0.00772,0,0,0,0,0,0,0.04119,0,0,0.04531,0,0,0,0,0,0,0,0,0,0,0,0,0,0,0,0,0,0,0,0,0,0,0,0,0,0,0,0,0,0,0,0,0,0,0,0,0,0,0,0,0,0,0,0,0,0,0,0,0,0,0,0,0,0,0,0,0,0,0,0,0,0,0,0,0,0,0,0,0,0,0,0,0,0,0,0,0,0,0,0,0,0,0,0,0,0,0,0,0,0,0,0,0,0,0,0,0,0,0,0,0,0,0,0,0
DY.511.D01,0,1.31772,0,0,0.00111,0.06992,0,0,5.01137,0,0,0,0,0,0,0.0525,0,0.14551,0,0,0,0.00749,0,0,0,0,0.65034,0,0.03526,0,0,0,0,0,0,0,0,0,0.06616,0,0,0,0,0,0.04598,0,0,0,0,0,0,0,0,0,8.4e-4,0,0,0,0,0,0,0,0,0,0,0,0,0,0,0,0,0,0,0,0,0,0,0,0,0,0,0,0,0,0.0129,9.04441,1.59717,0,0,0,0,0,0,0,0,0,0,0,0,0,0,1.12179,0,0,0,0,0,0,0,0,0,0,0,0.0495,0,0,0,0,0,0,0,0,0,0,0,0,0,0,0,0,0,0,0,0,0,0,77.5944,0,0,0,0,0,0,0,0,0,0,1.26529,0,0,0,0,0,0,0,0,0,0,0,0,0,0,0,0,0,0,0,0,0,0,0,0,0,0,0,0,0,0,0,0,0,0,0,0,0,0,0.14672,0,0.00545,1.62886,0,0,0,0,0,0,0,0,0,0.12302,0,0,0,0,0,0,0,0,0,0,0,0,0.00629,0,0,0,0,0,0,0,0,0,0,0,0,0,0,0,0,0,0,0,0,0,0
DY.512.D01,0.0461,0.41771,0.00466,0.0409,0.00668,0.00462,0,0,89.32646,0,0,0,0,0,0,0.06866,0,0,0,0,0,0.04017,0,0,0,0,3.58755,0,0.22352,0,0,0,0.02787,0,0,0,0,0,0.00463,0,0,0,0,0,0,0,0,0,0,0,0,0,0,0,0,0,0,0,0,0,0,0,0,0,0,0,0,0,0,0,0,0,0,0,0,0,0,0,0,0,0,0,0,0,0.05265,3.29017,1.05429,0,0,0,0,0,0,0.02109,0,0,0,0,0,0,0,0.56309,0,0,0,0,0,0,0,0,0,0,0,0,0,0,0.04154,0,0,0,0,0,0,0,0,0,0,0,0,0.01422,0,0,0,0,0,0,0.20938,0,0,0,0,0,0,0,0,0,0,0,0,0,0,0,0,0,0,0,0,0,0,0,0,0,0,0,0,0,0,0,0,0,0,0,0,0,0,0,0,0,0,0,0,0,0,0,0,0,0.10842,0.00357,0.02029,0,0,0.01799,0,0,0,0,0,0,0,0,0,0,0,0,0,0,0,0,0,0,0,0,0.5783,0.21006,0.00898,0.00642,0,0,0,0,0,0,0,0,0,0,0,0,0,0,0,0,0,0,0
DY.513.D01,0,0.27293,0.00521,0,0.00385,0.01941,0,0,81.3497,0,0,0,0,0,0,0.00739,0,0,0,0,0,0,0,0.00273,0,0,0.08015,0,0,0,0,0,0.04392,0,0,0,0,0,0.0096,0,0,0.53937,0,0,0,0,0,0,0,0,0,0,0,0,0,0,0,0,0,0,0,0,0,0,0,0,0,0,0,0,1.13575,0,0.07884,0,0,0.03326,0,0,0,0,0,0,0,0,0,1.3925399999999999,0.24665,0,0,0,0,0,0,0,0,0,0,0,0,0,0,0.11388,0,0,0,0,0,0,0,0,0.6495,0,0,0.0331,0,0,0,0,0,0.00233,0,0,0,0,0,0,0,0,0,0.0021,0,0,0.0434,0,0,0,13.92589,0,0,0,0,0,0,0,0,0,0.0085,0,0,0,0,0,0,0,0,0,0,0,0,0,0,0,0,0,0,0,0,0,0,0,0,0,0,0,0,0,0,0,0,0,0,0,0,0,0,0,0,0,0,0,0,0,0,0,0,0,0,0,0,0,0,0,0,0,0,0,0,0,0,0,0,0,0,0,0,0,0,0,0,0,0,0,0,0,0,0,0,0,0,0,0,0,0,0,0
DY.514.D01,5.78568,51.96534,0.03671,0.26725,0.14377,0.40153,0,0.04279,32.64389,0,0,0,0,0,0,0.01133,0,0.08817,0,0.07452,0.16867,0.09843,0.00143,0.25995,0,0,0.1267,0,0.2843,0,0,0,0.01999,0,0.01989,0,0,0,0.00274,0,0,0,0,0,0,0,0.01739,0,0,0,0,0,0,0,0.04825,0.03674,0,0,0,0,0,0,0,0,0,0,0,0,0,0,2.8472,0,0.32112,0,0,0.00459,0,0,0,0,0,0,0,0,0,2.2068,0.5374,0,0,0,0,0,0,0,0,0,0,0,0,0,0,0.29296,0,0.60169,0,0,0,0,0,0,0,0.00527,0,0,0,0,0.20923,0,0,0,0,0,0.01878,0,0,0,0,0,0,0,0,0,0,0,0,0,0.0798,0,0,0,0,0,0,0,0,0,0,0.05151,0,0,0,0,0,0,0,0,0,0,0,0,0,0,0,0,0,0,0,0,0,0,0,0,0,0,0,0,0,0,0,0,0,0,0,0,0,0,0.0263,0.16469,0,0,0,0,0.01371,0,0,0,0,0,0,0,0,0,0,0,0,0,0,0,0,0,0,0,0,0,0,0,0.06832,0.00517,0,0,0,0,0,0,0,0,0,0,0,0,0,0,0,0,0
DY.515.D01,18.97876,23.29537,0.00151,0,0.0013,0.00709,0,0,41.68236,0,0,0,0,0,0,0.00782,0,0,0,0,0.74249,0,0.05299,0,0,0,0.0542,0,0.31456,0,0,0.00746,0.00246,0,0.00183,0,0,0,0.01737,0,0.01728,0.01059,0,0,0.05489,0.00613,0.13591,0,0,0.01164,0,0,0,0,0.27383,0.25012,0,0,0.01187,0,0,0,0,0,0,0,0,0,0,0,11.63405,0,0.74329,0,0,0,0,0,0,0,0,0,0,0,0.13924,0.19638,0.05587,0,0,0,0,0,0,0.00197,0,0,0,0,0,0,0,0.17536,0,0,0,0,0,0,0,0,0,0,0,0.02961,0,0,0,0,0,0,0,0,0,0,0,0,0,0,0,0,0,0,0,0,0,0,0,0,0,0,0,0,0.00199,0,0,0,0,0,0,0,0,9.5e-4,0,0,0,0,0,0,0,0,0,0,0,0,0,0,0,0,0,0,0,0,0,0,0,0,0,0,0,0,0,0,0,0,0,0,0.12421,0.42413,0.02697,0,0,0,0.05902,0.02017,0.01208,0.062330000000000003,0.00485,0,0,0,0,0,0,0,0,0,0,0,0,0,0,0,0,0,0.02669,0,0.2861,0,0.01138,0.00689,0.00535,0.00534,0.0038,0.00139,0,0,0,0,0,0,0,0,0,0,0
DY.516.D01,15.16992,0.09295,0.00342,0,0,0.00728,0,0.02066,37.52339,0.00369,0,0,0,0,0,0.19561,0.56401,0,0,0,0,0.01782,22.72229,0.27691,0,0,0.2133,0,0.1852,0,0,0.01625,0.03321,0,0.01609,0,0,0.39719,0.06323,0,0.87605,0,0,0,0.09245,0,0,0,0,0,0,0,0,0,0.07122,0,0,0,0,0,0,0,0,0,0,0,0,0,0,0,0,0,0,0,0,0.02351,0,0,0,0,0,0,0,0,0.3485,0.41734,0.10287,0,0,0,0,0,0,0,0,0,0,0,0,0,0.11512,0.0479,0,0,0,0,0,0,0,0,0,0,0,0.03809,0.03009,0,0,0,0,0,0,0,0.08348,0,0,0,0,0,0,0.01186,0,0,0,0,0,0,0,0,0,10.30093,0,0,0.00389,0,0,0.00807,0,0,0,0,0,0,0,0,0,0,0,0,0,0,0,0,0,0,0,0,0,0,0,0,0,0,0,0,0,0,0,0,0,0,0,0,0,0,0,0,0.04199,0.45727,0,0,0,0,0,0,0,0,0,0,0,0,0,0,0,0,0,0.01595,0.00863,0,0,0,0,0,0,0,0,0,0.40449,0,6.1328,0,0.06762,0.04478,0,0,2.38178,0.25946,0.06864,0.01479,0.00751,5.2e-4,0,0,0,0,0
DY.517.D01,47.75583,26.77674,0.0045,0.45192,0.00182,0.01158,0,0.07949,18.80051,0,0,0,0,0.01249,0,0.01681,0.09142,0,0,0,0,0,0.33361,0.10236,0,0,0.7544,0,0.72836,0,0,0.03215,0.61657,0.0806,0,0,0,0.02992,0.1352,0,0,0,0,0.06009,0,0,0,0,0,0,0,0,0,0,0,0,0,0,0,0,0,0,0,0,0,0,0,0,0,0,0.13064,0,0.00481,0,0,0,0,0,0,0,0,0,0,0,0,0.42527,0.03854,0,0,0,0,0,0,0,0,0,0,0,0,0,0,0.06212,0,0,0,0,0,0,0,0,0,0,0,0.09483,0,0,0,0,0,0,0,0,0,0,0,0.01262,0.19634,0,0,0.07576,0,0,0.02229,0,0,0,0,0,0,0,0,0,0.00248,0,0,0,0,0,0,0,0.00384,0,0,0,0,0,0,0,0,0,0,0,0,0,0,0,0,0,0,0,0,0,0,0,0,0,0,0,0,0,0,0,0,0,0,0,0,0,0,0,0,0,0,0,0,0,0,0.01372,0,0,0,0,0.01287,0,0,0,0,0,0,0,0,0,0,0,0,0,1.28203,0,0.65351,0,0.00593,0,0,0,0,0,0,0,0,0.02893,0.04152,0.01438,0,0,0
DY.518.D01,0,0.00312,0,0.01963,0,0,0,0,80.60506,1.07298,0,0,0,0,0,0.50953,0,0,0,0.19254,0,0,0,0,0,0,0.49083,0,0,0,0,0,0.11386,0,0,0,0,0,0.03102,0,0,0,0,0,0,0,0,0,0,0,0,0,0,0,0,0,0,0,0,0,0,0,0,0,0,0,0,0,0,0,0,0,0,0,0,0,0,0,0,0,0,0,0,0,0.03935,0.40333,0.14829,0,0,0,0,0,0,0,0.00437,0,0,0.0081,0,0,0.04291,0.03811,0,0,0,0,0,0,0,0,0,0,0,0,0,0,0,0,0.02329,0,0,0,0,0,0,0,0,0,0,0.04518,0,0,0,0,0,0,0,0,0,0,0,0,0,0,0,0,0,0,0,0,0,0,0,0,0,0,0,0,0,0,0,0,0,0,0,0,0,0,0,0,0,0,0,0,0,0,0,0,0,0,0,0,0,0,0.00836,0,0.05468,0.66705,0,0,0,0,0.28901,0.66021,0.58478,0.80008,0.36313,0,0,0,0,0,0,0,0,0,0,0,0,0,0,0,0,0,0,0,0,0,0,0,0,0,0,0,0,0,12.76051,0,0,0,0,0,0.01129,0.00493,0.00449
